Year,Male,Female,Female Ratio
1,247,83,0.251515151515152
2,334,66,0.165
3,384,86,0.182978723404255
4,358,87,0.195505617977528
5,364,82,0.183856502242152
